ÿ£¢system|artal_start|artal_slut|organisationsnummer|foretagsnummer|loneartsnummer|personalkategori|loneart_kod|loneart_namn|loneart_formel|underlagstyp_skatt|loneart_konto|loneart_motkonto|ej_underlag_soc_avg|kostnadsavdrag_sov_avg|kostnadsavdrag_soc_avg_procent|fora|kap_kl
Flex LûÑn|1973|2022|098765-4321|921|1|(STD)|1|Pension||Tabellskatt|7490||true||0||
Flex LûÑn|1973|2022|098765-4321|921|4|(STD)|4|ErsûÊttning engûËngsskatt||EngûËngsskatt|7011||||0||
Flex LûÑn|1973|2022|098765-4321|921|5|(STD)|5|KonteringsfûÑrdelning||Ej Skatt|||||0||
Flex LûÑn|1973|2022|098765-4321|921|6|(STD)|6|SûÊrskild ersûÊttning||EngûËngsskatt|7011||||0|true|true
Flex LûÑn|1973|2022|098765-4321|921|8|(STD)|8|ErsûÊttning ej pensionsgr||Tabellskatt|7011||||0||
Flex LûÑn|1973|2022|098765-4321|921|9|(STD)|9|ErsûÊttning pensionsgr||Tabellskatt|7011||||0|true|true
Flex LûÑn|1973|2022|098765-4321|921|10|(STD)|10|TimlûÑn|Apris=TimlûÑn|Tabellskatt|7012||||0|true|true
Flex LûÑn|1973|2022|098765-4321|921|11|(STD)|11|TimlûÑn vid ûÊndrad anst|Apris=TimlûÑn|Tabellskatt|7011||||0|true|true
Flex LûÑn|1973|2022|098765-4321|921|14|(STD)|14|TimlûÑn mûËnadsanst|Apris= (MûËnadslûÑn + N1) /165|Tabellskatt|7011||||0|true|true
Flex LûÑn|1973|2022|098765-4321|921|19|(STD)|19|TimlûÑn retroaktiv||EngûËngsskatt|7011||||0|true|true
Flex LûÑn|1973|2022|098765-4321|921|19|TIM|19|TimlûÑn retroaktiv||EngûËngsskatt|7012||||0|true|true
Flex LûÑn|1973|2022|098765-4321|921|30|(STD)|30|80/90/100 modell, debet|Om HelMûËnadôÊBelopp= N9ôÊAnnarsôÊApris = N9/ AntalKdgrUtbetalningsmûËnadôÊAntal =  AntalKdgrTransDatumôÊBelopp = Apris*AntalôÊSlut Om|Tabellskatt|7011||||0||true
Flex LûÑn|1973|2022|098765-4321|921|31|(STD)|31|80/90/100 modell, kredit|Om HelMûËnadôÊBelopp= N9ôÊAnnarsôÊApris = N9/ AntalKdgrUtbetalningsmûËnadôÊAntal =  AntalKdgrTransDatumôÊBelopp = Antal * AprisôÊSlut Om|Tabellskatt|7011||||0||
Flex LûÑn|1973|2022|098765-4321|921|38|(STD)|38|80/90/100 retro, debet||EngûËngsskatt|7011||||0||true
Flex LûÑn|1973|2022|098765-4321|921|39|(STD)|39|80/90/100 retro, kredit||EngûËngsskatt|7011||||0||
Flex LûÑn|1973|2022|098765-4321|921|60|(STD)|60|Arbetsdagar timanstûÊlld||Ej Skatt|||true||0||
Flex LûÑn|1973|2022|098765-4321|921|62|(STD)|62|Ruta 62 FûÑrsta anstûÊlld|Antal = 1|Tabellskatt|||||0||
Flex LûÑn|1973|2022|098765-4321|921|70|(STD)|70|MûËnadslûÑn|Om HelMûËnadôÊBelopp= MûËnadslûÑnFakt + N9ôÊApris = 0ôÊAnnarsôÊAntal =  AntalKdgrTransDatumôÊApris = (MûËnadslûÑnFakt+ N9)/ AntalKdgrUtbetalningsmûËnadôÊBelopp = Antal*AprisôÊSlut OmôÊOmfattning= VeckoarbetstidFakt/Veckoarbetstid|Tabellskatt|7011||||0|true|true
Flex LûÑn|1973|2022|098765-4321|921|71|(STD)|71|DaglûÑn, del av mûËnad|Om HelMûËnadôÊBelopp=MûËnadslûÑnFakt+ N9ôÊApris = 0ôÊAnnarsôÊAntal =  AntalKdgrTransDatumôÊApris = (MûËnadslûÑnFakt + N9)/ AntalKdgrAvvikelserTomMûËnadôÊBelopp = Antal*AprisôÊSlut Om|Tabellskatt|7011||||0|true|true
Flex LûÑn|1973|2022|098765-4321|921|74|(STD)|74|Periodens nûÊrvarotid||Tabellskatt|||||0||
Flex LûÑn|1973|2022|098765-4321|921|75|(STD)|75|Timmar- arbetsgivarintyg||Tabellskatt|||||0||
Flex LûÑn|1973|2022|098765-4321|921|79|(STD)|79|MûËnadslûÑn retroaktiv||EngûËngsskatt|7011||||0|true|true
Flex LûÑn|1973|2022|098765-4321|921|80|(STD)|80|UppehûËllslûÑn|Om HelMûËnadôÊBelopp=(MûËnadslûÑnFakt+N2+N9)*N16ôÊApris=0ôÊAnnarsôÊAntal=AntalKdgrTransDatumôÊApris=(MûËnadslûÑnFakt+N2+N9)*N16/AntalKdgrUtbetalningsmûËnadôÊBelopp=Antal*AprisôÊSlut Om|Tabellskatt|7011||||0|true|true
Flex LûÑn|1973|2022|098765-4321|921|81|(STD)|81|UppehûËllslûÑneavdrag|Om HelMûËnadôÊBelopp=(MûËnadslûÑnFakt+N2+N9)*(1-N16)ôÊApris=0ôÊAnnarsôÊAntal=AntalKdgrTransDatumôÊApris =(MûËnadslûÑnFakt+N2+N9)*(1-N16)/AntalKdgrUtbetalningsmûËnadôÊBelopp=Antal*AprisôÊSlut Om|Tabellskatt|7011||||0|true|true
Flex LûÑn|1973|2022|098765-4321|921|85|(STD)|85|Arvode A-Sink socavg||Tabellskatt|7110||||0||
Flex LûÑn|1973|2022|098765-4321|921|86|(STD)|86|Arvode A- Sink ej socavg||Tabellskatt|7110||true||0||
Flex LûÑn|1973|2022|098765-4321|921|87|(STD)|87|Arvode A-Sink kostn avdr||Tabellskatt|7110|||true|30||
Flex LûÑn|1973|2022|098765-4321|921|90|(STD)|90|Arvode uppdragstagare||Tabellskatt|7120||||0||
Flex LûÑn|1973|2022|098765-4321|921|91|(STD)|91|Arvode beslutande organ||Tabellskatt|7130||||0||
Flex LûÑn|1973|2022|098765-4321|921|92|(STD)|92|Arvode verkst organ||Tabellskatt|7140||||0||
Flex LûÑn|1973|2022|098765-4321|921|93|(STD)|93|Arvode artister||Tabellskatt|7110|||true|30||
Flex LûÑn|1973|2022|098765-4321|921|94|(STD)|94|Arvode till kyrkvûÊrdar||Tabellskatt|7160||||0||
Flex LûÑn|1973|2022|098765-4321|921|95|(STD)|95|Arvode revisorer||Tabellskatt|7150||||0||
Flex LûÑn|1973|2022|098765-4321|921|98|(STD)|98|Ers fûÑrl arb.ink beslut||Tabellskatt|7130||||0||
Flex LûÑn|1973|2022|098765-4321|921|99|(STD)|99|Ers fûÑrl arb.ink verkst||Tabellskatt|7140||||0||
Flex LûÑn|1973|2022|098765-4321|921|100|(STD)|100|AvgûËngsvederlag||Tabellskatt|7017||||0|true|
Flex LûÑn|1973|2022|098765-4321|921|101|(STD)|101|AvgûËngsvederlag engûËngs||EngûËngsskatt|7017||||0|true|
Flex LûÑn|1973|2022|098765-4321|921|102|(STD)|102|MûËnadslûÑn arbetsbefriad|Om HelMûËnadôÊBelopp= MûËnadslûÑnFakt + N9ôÊApris = 0ôÊAnnarsôÊAntal =  AntalKdgrTransDatumôÊApris = (MûËnadslûÑnFakt+ N9)/ AntalKdgrUtbetalningsmûËnadôÊBelopp = Antal*AprisôÊSlut Om|Tabellskatt|7011||||0|true|true
Flex LûÑn|1973|2022|098765-4321|921|103|(STD)|103|Pens.gr avgûËngsvederlag||Tabellskatt|7017||||0|true|true
Flex LûÑn|1973|2022|098765-4321|921|107|(STD)|107|Extra arbuppg enl 18.1|Apris=TimlûÑn*1.2|Tabellskatt|7011||||0|true|true
Flex LûÑn|1973|2022|098765-4321|921|107|TIM|107|Extra arbuppg enl 18.1|Apris=TimlûÑn*1.2|Tabellskatt|7012||||0|true|true
Flex LûÑn|1973|2022|098765-4321|921|108|(STD)|108|Extra arbuppg enl 18.2|Apris=TimlûÑn*1.8|Tabellskatt|7011||||0|true|true
Flex LûÑn|1973|2022|098765-4321|921|108|TIM|108|Extra arbuppg enl 18.2|Apris=TimlûÑn*1.8|Tabellskatt|7012||||0|true|true
Flex LûÑn|1973|2022|098765-4321|921|109|(STD)|109|Extra arbuppg enl 18.3|Apris=TimlûÑn*2.4|Tabellskatt|7011||||0|true|true
Flex LûÑn|1973|2022|098765-4321|921|109|TIM|109|Extra arbuppg enl 18.3|Apris=TimlûÑn*2,4|Tabellskatt|7012||||0|true|true
Flex LûÑn|1973|2022|098765-4321|921|110|(STD)|110|LûÑnetillûÊgg|Om HelMûËnadôÊBelopp= N2ôÊApris = 0ôÊAnnarsôÊAntal =  AntalKdgrTransDatumôÊApris = N2/ AntalKdgrUtbetalningsmûËnadôÊBelopp = Antal*AprisôÊSlut Om|Tabellskatt|7011||||0|true|true
Flex LûÑn|1973|2022|098765-4321|921|111|(STD)|111|BruttolûÑneavdrag||Tabellskatt|7018||||0|true|true
Flex LûÑn|1973|2022|098765-4321|921|115|(STD)|115|Utbetalning komp|Apris= (MûËnadslûÑn+N1)*0.0073|Tabellskatt|7011||||0|true|true
Flex LûÑn|1973|2022|098765-4321|921|116|(STD)|116|Korrigering flex/timbank|Apris= (MûËnadslûÑn + N1) /165|EngûËngsskatt|7011||||0|true|true
Flex LûÑn|1973|2022|098765-4321|921|210|(STD)|210|ûvertid enkel|Apris=(MûËnadslûÑn+N1)/165*1,8|Tabellskatt|7011||||0|true|true
Flex LûÑn|1973|2022|098765-4321|921|210|TIM|210|ûvertid enkel|Apris= TimlûÑn*0,8|Tabellskatt|7012||||0|true|true
Flex LûÑn|1973|2022|098765-4321|921|211|(STD)|211|ûvertid kvalificerad|Apris=(MûËnadslûÑn+N1)/165*2,4|Tabellskatt|7011||||0|true|true
Flex LûÑn|1973|2022|098765-4321|921|211|TIM|211|ûvertid kvalificerad|Apris=TimlûÑn*1,4|Tabellskatt|7012||||0|true|true
Flex LûÑn|1973|2022|098765-4321|921|212|(STD)|212|FyllnadslûÑn|Apris=(MûËnadslûÑn+N1)/165*1,2|Tabellskatt|7011||||0|true|true
Flex LûÑn|1973|2022|098765-4321|921|212|TIM|212|FyllnadslûÑn|Apris= TimlûÑn*1,2|Tabellskatt|7012||||0|true|true
Flex LûÑn|1973|2022|098765-4321|921|213|(STD)|213|TimlûÑn vid ûÑvertid|Apris=TimlûÑn|Tabellskatt|7012||||0|true|true
Flex LûÑn|1973|2022|098765-4321|921|219|(STD)|219|ûvertid retroaktiv||EngûËngsskatt|7011||||0|true|true
Flex LûÑn|1973|2022|098765-4321|921|228|(STD)|228|TillûÊgg fûÑr OB punkt 7.1|Apris= LKTOB71|Tabellskatt|7011||||0|true|true
Flex LûÑn|1973|2022|098765-4321|921|228|TIM|228|TillûÊgg fûÑr OB punkt 7.1|Apris= LKTOB71|Tabellskatt|7012||||0|true|true
Flex LûÑn|1973|2022|098765-4321|921|229|(STD)|229|TillûÊgg fûÑr OB punkt 7.2|Apris= LKTOB72|Tabellskatt|7011||||0|true|true
Flex LûÑn|1973|2022|098765-4321|921|229|TIM|229|TillûÊgg fûÑr OB punkt 7.2|Apris= LKTOB72|Tabellskatt|7012||||0|true|true
Flex LûÑn|1973|2022|098765-4321|921|230|(STD)|230|OB-tillûÊgg D, kvûÊll|Apris= LKOBD|Tabellskatt|7011||||0|true|true
Flex LûÑn|1973|2022|098765-4321|921|230|TIM|230|OB-ersûÊttning D, kvûÊll|Apris= LKOBD|Tabellskatt|7012||||0|true|true
Flex LûÑn|1973|2022|098765-4321|921|231|(STD)|231|OB-tillûÊgg C, natt|Apris = LKOBC|Tabellskatt|7011||||0|true|true
Flex LûÑn|1973|2022|098765-4321|921|231|TIM|231|OB-ersûÊttning C, natt|Apris = LKOBC|Tabellskatt|7012||||0|true|true
Flex LûÑn|1973|2022|098765-4321|921|232|(STD)|232|OB-tillûÊgg B, helg|Apris = LKOBB|Tabellskatt|7011||||0|true|true
Flex LûÑn|1973|2022|098765-4321|921|232|TIM|232|OB-ersûÊttning B, helg|Apris = LKOBB|Tabellskatt|7012||||0|true|true
Flex LûÑn|1973|2022|098765-4321|921|233|(STD)|233|OB-tillûÊgg A,storhelg|Apris = LKOBA|Tabellskatt|7011||||0|true|true
Flex LûÑn|1973|2022|098765-4321|921|233|TIM|233|OB-ersûÊttning A,storhelg|Apris = LKOBA|Tabellskatt|7012||||0|true|true
Flex LûÑn|1973|2022|098765-4321|921|240|(STD)|240|Beredskap <151 tim/mûËn|Apris = LKBER1|Tabellskatt|7011||||0|true|true
Flex LûÑn|1973|2022|098765-4321|921|240|TIM|240|Beredskap <151 tim/mûËn|Apris = LKBER1|Tabellskatt|7012||||0|true|true
Flex LûÑn|1973|2022|098765-4321|921|241|(STD)|241|Beredskap helg <151 tim|Apris = LKBER1 * 2|Tabellskatt|7011||||0|true|true
Flex LûÑn|1973|2022|098765-4321|921|241|TIM|241|Beredskap helg <151 tim|Apris = LKBER1 * 2|Tabellskatt|7012||||0|true|true
Flex LûÑn|1973|2022|098765-4321|921|242|(STD)|242|Beredskap  >150 tim|Apris = LKBER2|Tabellskatt|7011||||0|true|true
Flex LûÑn|1973|2022|098765-4321|921|242|TIM|242|Beredskap  >150 tim|Apris = LKBER2|Tabellskatt|7012||||0|true|true
Flex LûÑn|1973|2022|098765-4321|921|243|(STD)|243|Beredskap helg >150 tim|Apris = LKBER2*2|Tabellskatt|7011||||0|true|true
Flex LûÑn|1973|2022|098765-4321|921|243|TIM|243|Beredskap helg >150 tim|Apris =LKBER2*2|Tabellskatt|7012||||0|true|true
Flex LûÑn|1973|2022|098765-4321|921|255|(STD)|255|Telefonjour prûÊster||Tabellskatt|7011||||0|true|true
Flex LûÑn|1973|2022|098765-4321|921|260|(STD)|260|FûÑrskjuten arbt fridag|Apris = LKFAFRI|Tabellskatt|7011||||0|true|true
Flex LûÑn|1973|2022|098765-4321|921|261|(STD)|261|FûÑrskjuten arbt fri+50|Apris = LKFAFRI*1,5|Tabellskatt|7011||||0|true|true
Flex LûÑn|1973|2022|098765-4321|921|262|(STD)|262|FûÑrskjuten arbt ûÑvrig|Apris = LKFAûVR|Tabellskatt|7011||||0|true|true
Flex LûÑn|1973|2022|098765-4321|921|263|(STD)|263|FûÑrskjuten arbt ûÑvr +50|Apris = LKFAûVR*1,5|Tabellskatt|7011||||0|true|true
Flex LûÑn|1973|2022|098765-4321|921|270|(STD)|270|FûÊrdtidsersûÊttning 1-10|Apris = LKFTE1|Tabellskatt|7011||||0|true|true
Flex LûÑn|1973|2022|098765-4321|921|271|(STD)|271|FûÊrdtidsersûÊttning > 10|Apris = LKFTE2|Tabellskatt|7011||||0|true|true
Flex LûÑn|1973|2022|098765-4321|921|289|(STD)|289|ANVûNDS EJ||Tabellskatt|7011||||0|true|true
Flex LûÑn|1973|2022|098765-4321|921|290|(STD)|290|Kyrkoherdevikariat||Tabellskatt|7011||||0|true|true
Flex LûÑn|1973|2022|098765-4321|921|291|(STD)|291|LûÊgerersûÊttning mûËn-tors|Apris = LKLûGMT|Tabellskatt|7011||||0|true|true
Flex LûÑn|1973|2022|098765-4321|921|291|TIM|291|LûÊgerersûÊttning mûËn-tors|Apris = LKLûGMT|Tabellskatt|7012||||0|true|true
Flex LûÑn|1973|2022|098765-4321|921|292|(STD)|292|LûÊgerersûÊttning fre-sûÑn|Apris = LKLûGFS|Tabellskatt|7011||||0|true|true
Flex LûÑn|1973|2022|098765-4321|921|292|TIM|292|LûÊgerersûÊttning fre-sûÑn|Apris = LKLûGFS|Tabellskatt|7012||||0|true|true
Flex LûÑn|1973|2022|098765-4321|921|293|(STD)|293|LûÊgerersûÊttning LOK|Belopp=Antal*Apris|Tabellskatt|7011||||0|true|true
Flex LûÑn|1973|2022|098765-4321|921|293|TIM|293|LûÊgerersûÊttning LOK||Tabellskatt|7012||||0|true|true
Flex LûÑn|1973|2022|098765-4321|921|298|(STD)|298|Kyrkoherdevik retroaktiv||EngûËngsskatt|7011||||0|true|true
Flex LûÑn|1973|2022|098765-4321|921|299|(STD)|299|TjûÊnstepensionpremie||EngûËngsskatt|7011||||0||
Flex LûÑn|1973|2022|098765-4321|921|299|TIM|299|TjûÊnstepensionpremie||EngûËngsskatt|7012||||0||
Flex LûÑn|1973|2022|098765-4321|921|300|(STD)|300|Flexsaldo||Ej Skatt|||||0||
Flex LûÑn|1973|2022|098765-4321|921|310|(STD)|310|Kompsaldo|Antal=(LartA(316)*1,5)+(LartA(317)*2)-LartA(115)-LartA(555)-LartA(311)+LartA(315)|Ej Skatt|||true||0||
Flex LûÑn|1973|2022|098765-4321|921|311|(STD)|311|Kompledighet||Ej Skatt|||||0||
Flex LûÑn|1973|2022|098765-4321|921|315|(STD)|315|ûvertid till komp, 1||Ej Skatt|||||0||
Flex LûÑn|1973|2022|098765-4321|921|316|(STD)|316|ûvertid till komp, 1,5||Ej Skatt|||||0||
Flex LûÑn|1973|2022|098765-4321|921|317|(STD)|317|ûvertid till komp, 2,0||Ej Skatt|||||0||
Flex LûÑn|1973|2022|098765-4321|921|398|(STD)|398|Justering lûÑneart 299 +||Tabellskatt|7011||||0||
Flex LûÑn|1973|2022|098765-4321|921|399|(STD)|399|Justering lûÑneart 299 -|Belopp = LartB(398) * -1|Tabellskatt|7011||true||0||
Flex LûÑn|1973|2022|098765-4321|921|400|(STD)|400|Karensavdrag|Om N21 = 0 Och N16 = 0ôÊKALENDERDAGLON = ((MûËnadslûÑnFakt+ N2+N9)/AntalKdgrTransFromMûËnad)ôÊAnnars Om N21 <> 0 Och N16 = 0ôÊKALENDERDAGLON = (((MûËnadslûÑnFakt+ N2+N9)*((100-N21)/100))/AntalKdgrTransFromMûËnad)ôÊAnnars Om N21 = 0 Och N16 <> 0ôÊKALENDERDAGLON = ((MûËnadslûÑnFakt+ N2+N9)*N16/AntalKdgrTransFromMûËnad)ôÊAnnars Om N21 <> 0 Och N16 <> 0ôÊKALENDERDAGLON = (((MûËnadslûÑnFakt+ N2+N9)*((100-N21)/100))*N16/AntalKdgrTransFromMûËnad)ôÊSLUT OmôÊKARENS = KALENDERDAGLON * 1,4 * 0,8ôÊFOREGANEDEKARENS = DatumLartB(400) * -1ôÊKARENS = KARENS - FOREGANEDEKARENSôÊSJUKLON = DatumLartB(403)ôÊOm (KARENS+FOREGANEDEKARENS) > SJUKLONôÊBelopp = SJUKLON - FOREGANEDEKARENSôÊAnnarsôÊBelopp = KARENSôÊSLUT Om|Tabellskatt|7011||||0|true|
Flex LûÑn|1973|2022|098765-4321|921|400|TIM|400|Karensavdrag|Om N21 = 0 Och N16 = 0ôÊKALENDERDAGLON = ((LartA(10)*TimlûÑn)/AntalKdgrTransFromMûËnad)ôÊAnnars Om N21 <> 0 Och N16 = 0ôÊKALENDERDAGLON = (((LartA(10)*TimlûÑn)*((100-N21)/100))/AntalKdgrTransFromMûËnad)ôÊAnnars Om N21 = 0 Och N16 <> 0ôÊKALENDERDAGLON = ((LartA(10)*TimlûÑn)*N16/AntalKdgrTransFromMûËnad)ôÊAnnars Om N21 <> 0 Och N16 <> 0ôÊKALENDERDAGLON = (((LartA(10)*TimlûÑn)*((100-N21)/100))*N16/AntalKdgrTransFromMûËnad)ôÊSLUT OmôÊKARENS = KALENDERDAGLON * 1,4 * 0,8ôÊFOREGANEDEKARENS = DatumLartB(400) * -1ôÊKARENS = KARENS - FOREGANEDEKARENSôÊSJUKLON = DatumLartB(403)ôÊOm (KARENS+FOREGANEDEKARENS) > SJUKLONôÊBelopp = SJUKLON - FOREGANEDEKARENSôÊAnnarsôÊBelopp = KARENSôÊSLUT Om|Tabellskatt|7012||||0|true|
Flex LûÑn|1973|2022|098765-4321|921|401|(STD)|401|Sjukavdrag karensdag|Om N16=0ôÊApris=((((MûËnadslûÑnFakt+N2+N9))/AntalKdgrAvvikelserTomMûËnad)*(LL01*1,4))*OmfattningôÊAnnarsôÊApris=((((MûËnadslûÑnFakt+N2+N9)*N16)/AntalKdgrAvvikelserTomMûËnad)*(LL01*1,4))*OmfattningôÊSlut Om|Tabellskatt|7011||||0|true|
Flex LûÑn|1973|2022|098765-4321|921|401|TIM|401|Sjukavdrag karensdag|Apris= TimlûÑn|Tabellskatt|7012||||0|true|
Flex LûÑn|1973|2022|098765-4321|921|402|(STD)|402|Sjukavdrag dag 1 - 14|Om N16=0ôÊApris=((((MûËnadslûÑnFakt+N2+N9))/AntalKdgrAvvikelserTomMûËnad)*(LL01*1,4))*OmfattningôÊAnnarsôÊApris=((((MûËnadslûÑnFakt+N2+N9)*N16)/AntalKdgrAvvikelserTomMûËnad)*(LL01*1,4))*OmfattningôÊSlut Om|Tabellskatt|7011||||0|true|
Flex LûÑn|1973|2022|098765-4321|921|402|TIM|402|Sjukavdrag dag 1 - 14|Apris= TimlûÑn|Tabellskatt|7012||||0|true|
Flex LûÑn|1973|2022|098765-4321|921|403|(STD)|403|SjuklûÑn 80% dag 1 - 14|Om N16=0ôÊApris=((((MûËnadslûÑnFakt+N2+N9))/AntalKdgrAvvikelserTomMûËnad)*(LL01*1,4))*Omfattning*0.8ôÊAnnarsôÊApris=((((MûËnadslûÑnFakt+N2+N9)*N16)/AntalKdgrAvvikelserTomMûËnad)*(LL01*1,4))*Omfattning*0.8ôÊSlut Om|Tabellskatt|7080||||0|true|
Flex LûÑn|1973|2022|098765-4321|921|403|TIM|403|SjuklûÑn 80%|Apris = TimlûÑn*0,8|Tabellskatt|7012||||0|true|
Flex LûÑn|1973|2022|098765-4321|921|404|(STD)|404|Sjukavdrag dag 15 - 90|Om HelMûËnadôÊApris= 0ôÊOm N16= 0ôÊBelopp= (MûËnadslûÑnFakt+N2+N9)*OmfattningôÊAnnarsôÊBelopp= ((MûËnadslûÑnFakt* N16)+N2+N9)*OmfattningôÊSlut OmôÊAnnarsôÊOm N16=0ôÊApris=(MûËnadslûÑnFakt+N2+N9)/ AntalKdgrAvvikelserTomMûËnad* OmfattningôÊBelopp=Antal*AprisôÊAnnarsôÊApris=((MûËnadslûÑnFakt* N16)+N2+N9)/ AntalKdgrAvvikelserTomMûËnad* OmfattningôÊBelopp= Antal*AprisôÊSlut OmôÊSlut Om|Tabellskatt|7011||||0|true|
Flex LûÑn|1973|2022|098765-4321|921|404|TIM|404|Sjukavdrag dag 15 - 90|Apris= TimlûÑn|Tabellskatt|7012||||0|true|
Flex LûÑn|1973|2022|098765-4321|921|405|(STD)|405|SjuklûÑn 10% dag 15-90|Om HelMûËnadôÊApris= 0ôÊOm N16= 0ôÊBelopp= (MûËnadslûÑnFakt + N2+ N9)*Omfattning*0.1ôÊAnnarsôÊBelopp= ((MûËnadslûÑnFakt* N16) + N2+ N9)*Omfattning*0.1ôÊSlut OmôÊAnnarsôÊOm N16=0ôÊApris=(MûËnadslûÑnFakt + N2+ N9)/ AntalKdgrAvvikelserTomMûËnad* Omfattning*0.1ôÊBelopp=Antal*AprisôÊAnnarsôÊApris=((MûËnadslûÑnFakt* N16) + N2+ N9)/ AntalKdgrAvvikelserTomMûËnad* Omfattning*0.1ôÊBelopp= Antal*AprisôÊSlut OmôÊSlut Om|Tabellskatt|7080||||0|true|
Flex LûÑn|1973|2022|098765-4321|921|405|TIM|405|SjuklûÑn dag 15-90|Apris= TimlûÑn*0.1|Tabellskatt|7012||||0|true|
Flex LûÑn|1973|2022|098765-4321|921|406|(STD)|406|Sjukavdrag > 90dgr|Om HelMûËnadôÊApris= 0ôÊOm N16= 0ôÊBelopp= (MûËnadslûÑnFakt+N2+N9)*OmfattningôÊAnnarsôÊBelopp= ((MûËnadslûÑnFakt* N16)+N2+N9)*OmfattningôÊSlut OmôÊAnnarsôÊOm N16=0ôÊApris=(MûËnadslûÑnFakt+N2+N9)/ AntalKdgrAvvikelserTomMûËnad* OmfattningôÊBelopp=Antal*AprisôÊAnnarsôÊApris=((MûËnadslûÑnFakt* N16)+N2+N9)/ AntalKdgrAvvikelserTomMûËnad* OmfattningôÊBelopp= Antal*AprisôÊSlut OmôÊSlut Om|Tabellskatt|7011||||0|true|
Flex LûÑn|1973|2022|098765-4321|921|406|TIM|406|Sjukavdrag > 90dgr|Apris=TimlûÑn|Tabellskatt|7012||||0|true|
Flex LûÑn|1973|2022|098765-4321|921|407|(STD)|407|SjuklûÑn >10 Pbb|Apris= ((((MûËnadslûÑnFakt + N2+ N9) /AntalKdgrAvvikelserTomMûËnad) * 0.776) - ((((Prisbasbelopp * 0,8333)*12)/365)*0.776))*Omfattning|Tabellskatt|7080||||0|true|
Flex LûÑn|1973|2022|098765-4321|921|409|(STD)|409|Sjukavdrag retroaktiv||EngûËngsskatt|7011||||0|true|
Flex LûÑn|1973|2022|098765-4321|921|410|(STD)|410|Sjukavdrag innev mûËnad|Om HelMûËnadôÊApris= 0ôÊOm N16= 0ôÊBelopp= (MûËnadslûÑnFakt + N2+ N9)*OmfattningôÊAnnarsôÊBelopp= ((MûËnadslûÑnFakt* N16) + N2+ N9)*OmfattningôÊSlut OmôÊAnnarsôÊOm N16=0ôÊApris=(MûËnadslûÑnFakt + N2+ N9)/ AntalKdgrUtbetalningsmûËnad* OmfattningôÊBelopp=Antal*AprisôÊAnnarsôÊApris=((MûËnadslûÑnFakt* N16) + N2+ N9)/ AntalKdgrUtbetalningsmûËnad* OmfattningôÊBelopp= Antal*AprisôÊSlut OmôÊSlut Om|Tabellskatt|7011||||0|true|
Flex LûÑn|1973|2022|098765-4321|921|411|(STD)|411|Sjukl >10 Pbb innev mûËn|Apris= ((((MûËnadslûÑnFakt + N2+ N9) /AntalKdgrUtbetalningsmûËnad) * 0.776) - ((((Prisbasbelopp * 0,8333)*12)/365)*0.776))*Omfattning|Tabellskatt|7080||||0|true|
Flex LûÑn|1973|2022|098765-4321|921|412|(STD)|412|Sjukavdrag >364 dgr|Om HelMûËnadôÊApris= 0ôÊOm N16= 0ôÊBelopp= (MûËnadslûÑnFakt+N2+N9)*OmfattningôÊAnnarsôÊBelopp= ((MûËnadslûÑnFakt* N16)+N2+N9)*OmfattningôÊSlut OmôÊAnnarsôÊOm N16=0ôÊApris=(MûËnadslûÑnFakt+N2+N9)/ AntalKdgrAvvikelserTomMûËnad* OmfattningôÊBelopp=Antal*AprisôÊAnnarsôÊApris=((MûËnadslûÑnFakt* N16)+N2+N9)/ AntalKdgrAvvikelserTomMûËnad* OmfattningôÊBelopp= Antal*AprisôÊSlut OmôÊSlut Om|Tabellskatt|7011||||0|true|
Flex LûÑn|1973|2022|098765-4321|921|413|(STD)|413|SjuklûÑn >10 Pbb|Apris= ((((MûËnadslûÑnFakt + N2+ N9) /AntalKdgrAvvikelserTomMûËnad) * 0.7275) - ((((Prisbasbelopp * 0,8333)*12)/365)*0.7275))*Omfattning|Tabellskatt|7080||||0|true|
Flex LûÑn|1973|2022|098765-4321|921|414|(STD)|414|Sjukavd >364 dgr innev m|Om HelMûËnadôÊApris= 0ôÊOm N16= 0ôÊBelopp= (MûËnadslûÑnFakt + N2+ N9)*OmfattningôÊAnnarsôÊBelopp= ((MûËnadslûÑnFakt* N16) + N2+ N9)*OmfattningôÊSlut OmôÊAnnarsôÊOm N16=0ôÊApris=(MûËnadslûÑnFakt + N2+ N9)/ AntalKdgrUtbetalningsmûËnad* OmfattningôÊBelopp=Antal*AprisôÊAnnarsôÊApris=((MûËnadslûÑnFakt* N16) + N2+ N9)/ AntalKdgrUtbetalningsmûËnad* OmfattningôÊBelopp= Antal*AprisôÊSlut OmôÊSlut Om|Tabellskatt|7011||||0|true|
Flex LûÑn|1973|2022|098765-4321|921|415|(STD)|415|Sjukl >10 Pbb innev mûËn|Apris= ((((MûËnadslûÑnFakt + N2+ N9) /AntalKdgrUtbetalningsmûËnad) * 0.7275) - ((((Prisbasbelopp * 0,8333)*12)/365)*0.7275))*Omfattning|Tabellskatt|7080||||0|true|
Flex LûÑn|1973|2022|098765-4321|921|421|(STD)|421|Sjukavdr ej sjukp 1-14|Om HelMûËnadôÊApris= 0ôÊOm N16= 0ôÊBelopp= (MûËnadslûÑnFakt+N2+N9)*OmfattningôÊAnnarsôÊBelopp= ((MûËnadslûÑnFakt* N16)+N2+N9)*OmfattningôÊSlut OmôÊAnnarsôÊOm N16=0ôÊApris=(MûËnadslûÑnFakt+N2+N9)/ AntalKdgrAvvikelserTomMûËnad* OmfattningôÊBelopp=Antal*AprisôÊAnnarsôÊApris=((MûËnadslûÑnFakt* N16)+N2+N9)/ AntalKdgrAvvikelserTomMûËnad* OmfattningôÊBelopp= Antal*AprisôÊSlut OmôÊSlut Om|Tabellskatt|7011||||0|true|
Flex LûÑn|1973|2022|098765-4321|921|421|TIM|421|Sjukavdr ej sjukp 1-14|Apris=TimlûÑn|Tabellskatt|7012||||0|true|
Flex LûÑn|1973|2022|098765-4321|921|422|(STD)|422|Sjukl 77,6% ej sjkp 1-14|Om N16=0ôÊApris=(((MûËnadslûÑnFakt + N2+ N9)/AntalKdgrAvvikelserTomMûËnad)*Omfattning)*0.776ôÊAnnarsôÊApris=((((MûËnadslûÑnFakt + N2+N9)*N16)/AntalKdgrAvvikelserTomMûËnad)*Omfattning)*0.776ôÊSlut Om|Tabellskatt|7080||||0|true|
Flex LûÑn|1973|2022|098765-4321|921|422|TIM|422|Sjukl 77,6% ej sjkp 1-14|Apris=TimlûÑn*0,776|Tabellskatt|7080||||0|true|
Flex LûÑn|1973|2022|098765-4321|921|423|(STD)|423|Sjukavdr ej sjukp 15-90|Om HelMûËnadôÊApris= 0ôÊOm N16= 0ôÊBelopp= (MûËnadslûÑnFakt+N2+N9)*OmfattningôÊAnnarsôÊBelopp= ((MûËnadslûÑnFakt* N16)+N2+N9)*OmfattningôÊSlut OmôÊAnnarsôÊOm N16=0ôÊApris=(MûËnadslûÑnFakt+N2+N9)/ AntalKdgrAvvikelserTomMûËnad* OmfattningôÊBelopp=Antal*AprisôÊAnnarsôÊApris=((MûËnadslûÑnFakt* N16)+N2+N9)/ AntalKdgrAvvikelserTomMûËnad* OmfattningôÊBelopp= Antal*AprisôÊSlut OmôÊSlut Om|Tabellskatt|7011||||0|true|
Flex LûÑn|1973|2022|098765-4321|921|423|TIM|423|Sjukavdr ej sjukp 15-90|Apris=TimlûÑn|Tabellskatt|7012||||0|true|
Flex LûÑn|1973|2022|098765-4321|921|424|(STD)|424|Sjukl 87,3% ej sjkp15-90|Om N16=0ôÊApris=(((MûËnadslûÑnFakt + N2+ N9)/AntalKdgrAvvikelserTomMûËnad)*Omfattning)*0.873ôÊAnnarsôÊApris=((((MûËnadslûÑnFakt + N2+N9)*N16)/AntalKdgrAvvikelserTomMûËnad)*Omfattning)*0.873ôÊSlut Om|Tabellskatt|7080||||0|true|
Flex LûÑn|1973|2022|098765-4321|921|424|TIM|424|Sjukl 87,3% ej sjkp15-90|Apris=TimlûÑn*0,873|Tabellskatt|7080||||0|true|
Flex LûÑn|1973|2022|098765-4321|921|425|(STD)|425|Sjukavdr ej sjukp 91-|Om HelMûËnadôÊApris= 0ôÊOm N16= 0ôÊBelopp= (MûËnadslûÑnFakt+N2+N9)*OmfattningôÊAnnarsôÊBelopp= ((MûËnadslûÑnFakt* N16)+N2+N9)*OmfattningôÊSlut OmôÊAnnarsôÊOm N16=0ôÊApris=(MûËnadslûÑnFakt+N2+N9)/ AntalKdgrAvvikelserTomMûËnad* OmfattningôÊBelopp=Antal*AprisôÊAnnarsôÊApris=((MûËnadslûÑnFakt* N16)+N2+N9)/ AntalKdgrAvvikelserTomMûËnad* OmfattningôÊBelopp= Antal*AprisôÊSlut OmôÊSlut Om|Tabellskatt|7011||||0|true|
Flex LûÑn|1973|2022|098765-4321|921|425|TIM|425|Sjukavdr ej sjukp 91-|Apris=TimlûÑn|Tabellskatt|7012||||0|true|
Flex LûÑn|1973|2022|098765-4321|921|426|(STD)|426|Sjukl 77,6% ej sjkp 91-|Om N16=0ôÊApris=(((MûËnadslûÑnFakt + N2+ N9)/AntalKdgrAvvikelserTomMûËnad)*Omfattning)*0.776ôÊAnnarsôÊApris=((((MûËnadslûÑnFakt + N2+N9)*N16)/AntalKdgrAvvikelserTomMûËnad)*Omfattning)*0.776ôÊSlut Om|Tabellskatt|7080||||0|true|
Flex LûÑn|1973|2022|098765-4321|921|426|TIM|426|Sjukl 77,6% ej sjkp 91-|Apris=TimlûÑn*0,776|Tabellskatt|7080||||0|true|
Flex LûÑn|1973|2022|098765-4321|921|427|(STD)|427|Sjukavdr ej sjukp 365-|Om HelMûËnadôÊApris= 0ôÊOm N16= 0ôÊBelopp= (MûËnadslûÑnFakt+N2+N9)*OmfattningôÊAnnarsôÊBelopp= ((MûËnadslûÑnFakt* N16)+N2+N9)*OmfattningôÊSlut OmôÊAnnarsôÊOm N16=0ôÊApris=(MûËnadslûÑnFakt+N2+N9)/ AntalKdgrAvvikelserTomMûËnad* OmfattningôÊBelopp=Antal*AprisôÊAnnarsôÊApris=((MûËnadslûÑnFakt* N16)+N2+N9)/ AntalKdgrAvvikelserTomMûËnad* OmfattningôÊBelopp= Antal*AprisôÊSlut OmôÊSlut Om|Tabellskatt|7011||||0|true|
Flex LûÑn|1973|2022|098765-4321|921|428|(STD)|428|Sjukl 72,75% ej sjkp 365|Om N16=0ôÊApris=(((MûËnadslûÑnFakt + N2+ N9)/AntalKdgrAvvikelserTomMûËnad)*Omfattning)*0.7275ôÊAnnarsôÊApris=((((MûËnadslûÑnFakt + N2+N9)*N16)/AntalKdgrAvvikelserTomMûËnad)*Omfattning)*0.7275ôÊSlut Om|Tabellskatt|7080||||0|true|
Flex LûÑn|1973|2022|098765-4321|921|430|(STD)|430|SjuklûÑn OB-ers D, kvûÊll|Apris= LKOBD*0,8|Tabellskatt|7080||||0|true|true
Flex LûÑn|1973|2022|098765-4321|921|431|(STD)|431|SjuklûÑn OB-ers C, natt|Apris = LKOBC*0,8|Tabellskatt|7080||||0|true|true
Flex LûÑn|1973|2022|098765-4321|921|432|(STD)|432|SjuklûÑn OB-ers B, helg|Apris = LKOBB*0,8|Tabellskatt|7080||||0|true|true
Flex LûÑn|1973|2022|098765-4321|921|433|(STD)|433|SjuklûÑnOB-ers A,storhelg|Apris = LKOBA*0,8|Tabellskatt|7080||||0|true|true
Flex LûÑn|1973|2022|098765-4321|921|434|(STD)|434|SjuklûÑn Bered <151|Apris= LKBER1*0,8|Tabellskatt|7080||||0|true|true
Flex LûÑn|1973|2022|098765-4321|921|435|(STD)|435|SjuklûÑn Bered <151 helg|Apris= (LKBER1*2)*0,8|Tabellskatt|7080||||0|true|true
Flex LûÑn|1973|2022|098765-4321|921|436|(STD)|436|SjuklûÑn Bered >150|Apris= LKBER2*0,8|Tabellskatt|7080||||0|true|true
Flex LûÑn|1973|2022|098765-4321|921|437|(STD)|437|SjuklûÑn Bered >150 helg|Apris= (LKBER2*2)*0,8|Tabellskatt|7080||||0|true|true
Flex LûÑn|1973|2022|098765-4321|921|439|(STD)|439|SjuklûÑn retroaktiv||EngûËngsskatt|7011||||0|true|
Flex LûÑn|1973|2022|098765-4321|921|440|(STD)|440|Rehabavdrag dag 1-90|Om HelMûËnadôÊApris= 0ôÊOm N16= 0ôÊBelopp= (MûËnadslûÑnFakt+N2+N9)*OmfattningôÊAnnarsôÊBelopp= ((MûËnadslûÑnFakt* N16)+N2+N9)*OmfattningôÊSlut OmôÊAnnarsôÊOm N16=0ôÊApris=(MûËnadslûÑnFakt+N2+N9)/ AntalKdgrAvvikelserTomMûËnad* OmfattningôÊBelopp=Antal*AprisôÊAnnarsôÊApris=((MûËnadslûÑnFakt* N16)+N2+N9)/ AntalKdgrAvvikelserTomMûËnad* OmfattningôÊBelopp= Antal*AprisôÊSlut OmôÊSlut Om|Tabellskatt|7011||||0|true|
Flex LûÑn|1973|2022|098765-4321|921|441|(STD)|441|Rehabpenning dag 1-90|Apris = ((MûËnadslûÑnFakt+N2+ N9)/AntalKdgrAvvikelserTomMûËnad*Omfattning)*0,1|Tabellskatt|7080||||0|true|
Flex LûÑn|1973|2022|098765-4321|921|442|(STD)|442|Rehabavdrag > 90dgr|Om HelMûËnadôÊApris= 0ôÊOm N16= 0ôÊBelopp= (MûËnadslûÑnFakt+N2+N9)*OmfattningôÊAnnarsôÊBelopp= ((MûËnadslûÑnFakt* N16)+N2+N9)*OmfattningôÊSlut OmôÊAnnarsôÊOm N16=0ôÊApris=(MûËnadslûÑnFakt+N2+N9)/ AntalKdgrAvvikelserTomMûËnad* OmfattningôÊBelopp=Antal*AprisôÊAnnarsôÊApris=((MûËnadslûÑnFakt* N16)+N2+N9)/ AntalKdgrAvvikelserTomMûËnad* OmfattningôÊBelopp= Antal*AprisôÊSlut OmôÊSlut Om|Tabellskatt|7011||||0|true|
Flex LûÑn|1973|2022|098765-4321|921|443|(STD)|443|Rehabpenning >10 Pbb|Apris= ((((MûËnadslûÑnFakt + N2+ N9) /AntalKdgrAvvikelserTomMûËnad) * 0.776) - ((((Prisbasbelopp * 0,8333)*12)/365)*0.776))*Omfattning|Tabellskatt|7080||||0|true|
Flex LûÑn|1973|2022|098765-4321|921|450|(STD)|450|FûÑrebyggande sjukpenning|Om N16=0 Och HelMûËnadôÊApris =0ôÊBelopp= (MûËnadslûÑnFakt+N2+N9)*OmfattningôÊAnnarsôÊOm N16>0 Och HelMûËnadôÊBelopp= ((MûËnadslûÑnFakt+N2+N9)*N16)*OmfattningôÊAnnarsôÊOm N16=0ôÊApris=((((MûËnadslûÑnFakt+N2+N9))/AntalKdgrAvvikelserTomMûËnad)*(LL01*1,4))*OmfattningôÊBelopp= Apris*AntalôÊAnnarsôÊOm N16 > 0ôÊApris= ((((MûËnadslûÑnFakt+N2+N9)*N16)/AntalKdgrAvvikelserTomMûËnad)*(LL01*1,4))*OmfattningôÊBelopp=Apris*AntalôÊSlut OmôÊSlut OmôÊSlut OmôÊSlut Om|Tabellskatt|7011||||0|true|
Flex LûÑn|1973|2022|098765-4321|921|452|(STD)|452|SmittbûÊrare avdr 1-14|Om N16=0ôÊApris=((((MûËnadslûÑnFakt+N2+N9))/AntalKdgrAvvikelserTomMûËnad)*(LL01*1,4))*OmfattningôÊAnnarsôÊApris=((((MûËnadslûÑnFakt+N2+N9)*N16)/AntalKdgrAvvikelserTomMûËnad)*(LL01*1,4))*OmfattningôÊSlut Om|Tabellskatt|7011||||0|true|
Flex LûÑn|1973|2022|098765-4321|921|452|TIM|452|SmittbûÊrare avdr 1-14|Apris=TimlûÑn|Tabellskatt|7011||||0|true|
Flex LûÑn|1973|2022|098765-4321|921|453|(STD)|453|SmittbûÊrare avdr 15-90|Om HelMûËnadôÊApris= 0ôÊOm N16= 0ôÊBelopp= (MûËnadslûÑnFakt+N2+N9)*OmfattningôÊAnnarsôÊBelopp= ((MûËnadslûÑnFakt* N16)+N2+N9)*OmfattningôÊSlut OmôÊAnnarsôÊOm N16=0ôÊApris=(MûËnadslûÑnFakt+N2+N9)/ AntalKdgrAvvikelserTomMûËnad* OmfattningôÊBelopp=Antal*AprisôÊAnnarsôÊApris=((MûËnadslûÑnFakt* N16)+N2+N9)/ AntalKdgrAvvikelserTomMûËnad* OmfattningôÊBelopp= Antal*AprisôÊSlut OmôÊSlut Om|Tabellskatt|7011||||0|true|
Flex LûÑn|1973|2022|098765-4321|921|453|TIM|453|SmittbûÊrare avdr 15-90|Apris=TimlûÑn|Tabellskatt|7011||||0|true|
Flex LûÑn|1973|2022|098765-4321|921|454|(STD)|454|SmittbûÊrare avdr >90dgr|Om HelMûËnadôÊApris= 0ôÊOm N16= 0ôÊBelopp= (MûËnadslûÑnFakt+N2+N9)*OmfattningôÊAnnarsôÊBelopp= ((MûËnadslûÑnFakt* N16)+N2+N9)*OmfattningôÊSlut OmôÊAnnarsôÊOm N16=0ôÊApris=(MûËnadslûÑnFakt+N2+N9)/ AntalKdgrAvvikelserTomMûËnad* OmfattningôÊBelopp=Antal*AprisôÊAnnarsôÊApris=((MûËnadslûÑnFakt* N16)+N2+N9)/ AntalKdgrAvvikelserTomMûËnad* OmfattningôÊBelopp= Antal*AprisôÊSlut OmôÊSlut Om|Tabellskatt|7011||||0|true|
Flex LûÑn|1973|2022|098765-4321|921|454|TIM|454|SmittbûÊrare avdr >90dgr|Apris=TimlûÑn|Tabellskatt|7011||||0|true|
Flex LûÑn|1973|2022|098765-4321|921|455|(STD)|455|SmittbûÊraravdrag retro||EngûËngsskatt|7011||||0|true|
Flex LûÑn|1973|2022|098765-4321|921|501|(STD)|501|Semester betald||Tabellskatt|||||0||
Flex LûÑn|1973|2022|098765-4321|921|502|(STD)|502|Semester obetald||Tabellskatt|||||0||
Flex LûÑn|1973|2022|098765-4321|921|503|(STD)|503|Semester sparad||Tabellskatt|||||0||
Flex LûÑn|1973|2022|098765-4321|921|504|(STD)|504|Obetalt semesteravdrag|Antal= SchDgrTransDatumôÊApris= ((MûËnadslûÑnFakt+N2+N9) *(LL01*1,4))*((100-N21)/100)/ AntalKdgrAvvikelserTomMûËnadôÊBelopp= Antal*Apris|Tabellskatt|7011||||0|true|true
Flex LûÑn|1973|2022|098765-4321|921|510|(STD)|510|SemesterlûÑn|Apris= (MûËnadslûÑnFakt + N2+ N9) * SemDaglûÑnProc|Tabellskatt|7011||||0||
Flex LûÑn|1973|2022|098765-4321|921|511|(STD)|511|Semesteravdrag|Apris= (MûËnadslûÑnFakt + N2+ N9) * SemDaglûÑnProc|Tabellskatt|7011||||0||
Flex LûÑn|1973|2022|098765-4321|921|515|(STD)|515|SemesterlûÑn sparade dgr|Apris= (MûËnadslûÑnFakt + N2+ N9) * SemDaglûÑnProc|Tabellskatt|7011||||0||
Flex LûÑn|1973|2022|098765-4321|921|520|(STD)|520|Sem tillûÊgg omv bet dgr|Om N20 = 1ôÊApris = 0ôÊBelopp = 0ôÊAntal = Larta(536)/(VeckoarbetstidFakt/5)ôÊSlut OmôÊOm N21=>0ôÊApris=((MûËnadslûÑnFakt+N2+N9) * 0,00605)*((100-N21)/100)ôÊBelopp=Antal*AprisôÊAntal = Larta(536)/((VeckoarbetstidFakt/5)*((100-N21)/100))ôÊOm (N20=1) OCH (N21=>0)ôÊApris=0ôÊBelopp=0ôÊSlut OmôÊAnnarsôÊApris= ((MûËnadslûÑnFakt+N2+N9) * 0,00605)ôÊBelopp=Antal*AprisôÊAntal = Larta(536)/(VeckoarbetstidFakt/5)ôÊSlut Om|Tabellskatt|7011||||0|true|true
Flex LûÑn|1973|2022|098765-4321|921|521|(STD)|521|SemtillûÊgg omv spa dgr|Apris= ((MûËnadslûÑnFakt+N2+N9) * 0,00605)*((100-N21)/100)ôÊBelopp= Antal*AprisôÊAntal = Larta(537)/(VeckoarbetstidFakt*((100-N21)/100)/5)|Tabellskatt|7011||||0|true|true
Flex LûÑn|1973|2022|098765-4321|921|522|(STD)|522|SemestertillûÊgg 0,605%|Apris= ((MûËnadslûÑnFakt+N2+N9) * 0,00605)*((100-N21)/100)|Tabellskatt|7011||||0|true|true
Flex LûÑn|1973|2022|098765-4321|921|523|(STD)|523|SemesterlûÑnetillûÊgg|Apris =((21127*SyssGrad)- (MûËnadslûÑnFakt+N2))*0,0521ôÊOm SemdgrBetaldaUttag < 25ôÊAntal = LartA(501)ôÊAnnarsôÊAntal = (SemdgrBetaldaUttag - LartA(501) -25)*-1ôÊSlut Om|Tabellskatt|7011||||0|true|true
Flex LûÑn|1973|2022|098765-4321|921|524|(STD)|524|UppehûËllslûÑnetillûÊgg||Tabellskatt|7080||||0|true|true
Flex LûÑn|1973|2022|098765-4321|921|536|(STD)|536|Sem omv till tim bet dgr|Antal= (VeckoarbetstidFakt*((100-N21)/100)/5)ôÊBelopp=0|Ej Skatt|||true||0||
Flex LûÑn|1973|2022|098765-4321|921|537|(STD)|537|Sem omv till tim spa dgr|Antal= (VeckoarbetstidFakt*((100-N21)/100)/5)ôÊBelopp=0|Ej Skatt|||true||0||
Flex LûÑn|1973|2022|098765-4321|921|538|(STD)|538|Uttag semester i timmar||Tabellskatt|||||0||
Flex LûÑn|1973|2022|098765-4321|921|540|(STD)|540|Semester bet kontant|Apris =SemDagLûÑn+SemTillûÊgg|EngûËngsskatt|7011||||0|true|true
Flex LûÑn|1973|2022|098765-4321|921|541|(STD)|541|Semester sparad kontant|Apris =SemDagLûÑn+SemTillûÊgg|EngûËngsskatt|7011||||0|true|true
Flex LûÑn|1973|2022|098765-4321|921|542|(STD)|542|ûverskjutande betald sem|Apris =SemDagLûÑn+SemTillûÊgg|EngûËngsskatt|7011||||0|true|true
Flex LûÑn|1973|2022|098765-4321|921|543|(STD)|543|ûverskjutande sparad sem|Apris =SemDagLûÑn+SemTillûÊgg|EngûËngsskatt|7011||||0|true|true
Flex LûÑn|1973|2022|098765-4321|921|547|(STD)|547|Semers vid < 40%|Om ûlderûr < 40ôÊBelopp = LartB(70,110,406,410,412,414,440,442,504,602,603,606,609,612,659, 660,661,664)*0,1296ôÊAnnarsôÊOm ûlderûr > 50ôÊBelopp = LartB(70,110,406,410,412,414,440,442,504,602,603,606,609,612,659,660,661,664)*0,1536ôÊAnnarsôÊBelopp = LartB(70,110,406,410,412,414,440,442,504,602,603,606,609,612,659,660,661,664)*0,1488ôÊSlut OmôÊSlut Om|Tabellskatt|7011||||0|true|true
Flex LûÑn|1973|2022|098765-4321|921|549|(STD)|549|Semesterers ûÑvrigt|Belopp = (SemGrLûÑnPer + SemGrRûÑrligLûÑnPer) * SemErsûÊttningProc|Tabellskatt|7011||||0|true|true
Flex LûÑn|1973|2022|098765-4321|921|550|(STD)|550|SemesterersûÊttning|Om ûlderûr < 40 Och TimlûÑn <128ôÊApris= 15,40 + (TimlûÑn*0.0096)ôÊAnnarsôÊOm ûlderûr < 40 Och TimlûÑn >=128ôÊApris= TimlûÑn*0.1296ôÊSlut OmôÊSlut OmôÊOm ûlderûr > 50 Och TimlûÑn <128ôÊApris= 15,40 + (TimlûÑn*0,0336)ôÊAnnarsôÊOm ûlderûr > 50 Och TimlûÑn >=128ôÊApris= TimlûÑn*0,1536ôÊSlut OmôÊSlut OmôÊOm TimlûÑn <128 Och ûlderûr >=40 Och ûlderûr <=50ôÊApris= 15,40 + (TimlûÑn*0.0288)ôÊAnnarsôÊApris= TimlûÑn*0,1488ôÊSlut Om|Tabellskatt|7011||||0|true|true
Flex LûÑn|1973|2022|098765-4321|921|550|TIM|550|SemesterersûÊttning|Om ûlderûr < 40 Och TimlûÑn <128ôÊApris= 15,40 + (TimlûÑn*0.0096)ôÊAnnarsôÊOm ûlderûr < 40 Och TimlûÑn >=128ôÊApris= TimlûÑn*0.1296ôÊSlut OmôÊSlut OmôÊOm ûlderûr > 50 Och TimlûÑn <128ôÊApris= 15,40 + (TimlûÑn*0,0336)ôÊAnnarsôÊOm ûlderûr > 50 Och TimlûÑn >=128ôÊApris= TimlûÑn*0,1536ôÊSlut OmôÊSlut OmôÊOm TimlûÑn <128 Och ûlderûr >=40 Och ûlderûr <=50ôÊApris= 15,40 + (TimlûÑn*0.0288)ôÊAnnarsôÊApris= TimlûÑn*0,1488ôÊSlut Om|Tabellskatt|7012||||0|true|true
Flex LûÑn|1973|2022|098765-4321|921|551|(STD)|551|SlutlûÑn intjûÊnad sem||EngûËngsskatt|7011||||0|true|true
Flex LûÑn|1973|2022|098765-4321|921|553|(STD)|553|SlutlûÑn sparad sem||EngûËngsskatt|7011||||0|true|true
Flex LûÑn|1973|2022|098765-4321|921|554|(STD)|554|SlutlûÑn flex/tim-bank|Apris= (MûËnadslûÑn + N1) /165|EngûËngsskatt|7011||||0|true|true
Flex LûÑn|1973|2022|098765-4321|921|555|(STD)|555|SlutlûÑn kompsaldo|Apris= (MûËnadslûÑn+N1)*0.0073|EngûËngsskatt|7011||||0|true|true
Flex LûÑn|1973|2022|098765-4321|921|556|(STD)|556|SlutlûÑn semestertimmar|Antal= Saldo4Ing - LartA(538)ôÊApris= SemDagLûÑn / (VeckoarbetstidFakt/5)|EngûËngsskatt|7011||||0|true|true
Flex LûÑn|1973|2022|098765-4321|921|559|(STD)|559|Semester retroaktiv||EngûËngsskatt|7011||||0|true|true
Flex LûÑn|1973|2022|098765-4321|921|560|(STD)|560|UppehûËllslûÑn slutlûÑn||EngûËngsskatt|7011||||0|true|true
Flex LûÑn|1973|2022|098765-4321|921|570|(STD)|570|Semesteravdr under 40 %||Tabellskatt|||||0||
Flex LûÑn|1973|2022|098765-4321|921|571|(STD)|571|Extra lediga dagar saldo|Antal=-LartA(572)|Tabellskatt|||||0||
Flex LûÑn|1973|2022|098765-4321|921|572|(STD)|572|Extra lediga dagar uttag||Tabellskatt|||||0||
Flex LûÑn|1973|2022|098765-4321|921|599|(STD)|599|Olovlig frûËnvaro|Apris =(MûËnadslûÑn+N1)/165|Tabellskatt|7011||||0|true|true
Flex LûÑn|1973|2022|098765-4321|921|599|TIM|599|Olovlig frûËnvaro|Apris= TimlûÑn|Tabellskatt|7012||||0|true|true
Flex LûÑn|1973|2022|098765-4321|921|600|(STD)|600|Justering FP/GP fûÑreg m|Belopp= (((LartB(609)+LartB(612))*-1) - (MûËnadslûÑnFakt+N2+N9))|Tabellskatt|7011||||0|true|
Flex LûÑn|1973|2022|098765-4321|921|601|(STD)|601|TjûÊnstledighet, tim|Apris =(MûËnadslûÑn+N1)/165|Tabellskatt|7011||||0|true|true
Flex LûÑn|1973|2022|098765-4321|921|601|TIM|601|TjûÊnstledighet, tim||Tabellskatt|7011||||0|true|true
Flex LûÑn|1973|2022|098765-4321|921|602|(STD)|602|TjûÊnstled del av mûËnad|Om N16=0ôÊApris=(((MûËnadslûÑnFakt+N2+N9))/AntalKdgrAvvikelserTomMûËnad)*OmfattningôÊBelopp= Apris* AntalôÊAnnarsôÊOm N16 > 0ôÊApris= (((MûËnadslûÑnFakt+N2+N9)*N16)/AntalKdgrAvvikelserTomMûËnad)*OmfattningôÊBelopp=Apris*AntalôÊSlut OmôÊSlut Om|Tabellskatt|7011||||0|true|true
Flex LûÑn|1973|2022|098765-4321|921|603|(STD)|603|TjûÊnstledighet dagar|Om N16=0 Och HelMûËnadôÊApris =0ôÊBelopp= (MûËnadslûÑnFakt+N2+N9)*OmfattningôÊAnnarsôÊOm N16>0 Och HelMûËnadôÊBelopp= ((MûËnadslûÑnFakt+N2+N9)*N16)*OmfattningôÊAnnarsôÊOm N16=0ôÊApris=((((MûËnadslûÑnFakt+N2+N9))/AntalKdgrAvvikelserTomMûËnad)*(LL01*1,4))*OmfattningôÊBelopp= Apris*AntalôÊAnnarsôÊOm N16 > 0ôÊApris= ((((MûËnadslûÑnFakt+N2+N9)*N16)/AntalKdgrAvvikelserTomMûËnad)*(LL01*1,4))*OmfattningôÊBelopp=Apris*AntalôÊSlut OmôÊSlut OmôÊSlut OmôÊSlut Om|Tabellskatt|7011||||0|true|true
Flex LûÑn|1973|2022|098765-4321|921|605|(STD)|605|NûÊrstûËendevûËrd tim|Apris =(MûËnadslûÑn+N1)/165|Tabellskatt|7011||||0|true|true
Flex LûÑn|1973|2022|098765-4321|921|606|(STD)|606|NûÊrstûËendevûËrd|Om N16=0 Och HelMûËnadôÊApris =0ôÊBelopp= (MûËnadslûÑnFakt+N2+N9)*OmfattningôÊAnnarsôÊOm N16>0 Och HelMûËnadôÊBelopp= ((MûËnadslûÑnFakt+N2+N9)*N16)*OmfattningôÊAnnarsôÊOm N16=0ôÊApris=((((MûËnadslûÑnFakt+N2+N9))/AntalKdgrAvvikelserTomMûËnad)*(LL01*1,4))*OmfattningôÊBelopp= Apris*AntalôÊAnnarsôÊOm N16 > 0ôÊApris= ((((MûËnadslûÑnFakt+N2+N9)*N16)/AntalKdgrAvvikelserTomMûËnad)*(LL01*1,4))*OmfattningôÊBelopp=Apris*AntalôÊSlut OmôÊSlut OmôÊSlut OmôÊSlut Om|Tabellskatt|7011||||0|true|true
Flex LûÑn|1973|2022|098765-4321|921|607|(STD)|607|OmvûËrdnadsledighet|Om N16=0 Och HelMûËnadôÊApris =0ôÊBelopp= (MûËnadslûÑnFakt+N2+N9)*OmfattningôÊAnnarsôÊOm N16>0 Och HelMûËnadôÊBelopp= ((MûËnadslûÑnFakt+N2+N9)*N16)*OmfattningôÊAnnarsôÊOm N16=0ôÊApris=((((MûËnadslûÑnFakt+N2+N9))/AntalKdgrAvvikelserTomMûËnad)*(LL01*1,4))*OmfattningôÊBelopp= Apris*AntalôÊAnnarsôÊOm N16 > 0ôÊApris= ((((MûËnadslûÑnFakt+N2+N9)*N16)/AntalKdgrAvvikelserTomMûËnad)*(LL01*1,4))*OmfattningôÊBelopp=Apris*AntalôÊSlut OmôÊSlut OmôÊSlut OmôÊSlut Om|Tabellskatt|7011||||0|true|
Flex LûÑn|1973|2022|098765-4321|921|609|(STD)|609|Graviditetspenning|Om N16=0 Och HelMûËnadôÊApris =0ôÊBelopp= (MûËnadslûÑnFakt+N2+N9)*OmfattningôÊAnnarsôÊOm N16>0 Och HelMûËnadôÊBelopp= ((MûËnadslûÑnFakt+N2+N9)*N16)*OmfattningôÊAnnarsôÊOm N16=0ôÊApris=((((MûËnadslûÑnFakt+N2+N9))/AntalKdgrAvvikelserTomMûËnad)*(LL01*1,4))*OmfattningôÊBelopp= Apris*AntalôÊAnnarsôÊOm N16 > 0ôÊApris= ((((MûËnadslûÑnFakt+N2+N9)*N16)/AntalKdgrAvvikelserTomMûËnad)*(LL01*1,4))*OmfattningôÊBelopp=Apris*AntalôÊSlut OmôÊSlut OmôÊSlut OmôÊSlut Om|Tabellskatt|7011||||0|true|
Flex LûÑn|1973|2022|098765-4321|921|610|(STD)|610|Tillf fûÑrûÊldrapenning|Om N16=0 Och HelMûËnadôÊApris =0ôÊBelopp= (MûËnadslûÑnFakt+N2+N9)*OmfattningôÊAnnarsôÊOm N16>0 Och HelMûËnadôÊBelopp= ((MûËnadslûÑnFakt+N2+N9)*N16)*OmfattningôÊAnnarsôÊOm N16=0ôÊApris=((((MûËnadslûÑnFakt+N2+N9))/AntalKdgrAvvikelserTomMûËnad)*(LL01*1,4))*OmfattningôÊBelopp= Apris*AntalôÊAnnarsôÊOm N16 > 0ôÊApris= ((((MûËnadslûÑnFakt+N2+N9)*N16)/AntalKdgrAvvikelserTomMûËnad)*(LL01*1,4))*OmfattningôÊBelopp=Apris*AntalôÊSlut OmôÊSlut OmôÊSlut OmôÊSlut Om|Tabellskatt|7011||||0|true|
Flex LûÑn|1973|2022|098765-4321|921|610|TIM|610|Tillf fûÑrûÊldrapenning|Apris= TimlûÑn|Tabellskatt|7012||||0|true|
Flex LûÑn|1973|2022|098765-4321|921|612|(STD)|612|FûÑrûÊldraledig dagar|Om N16=0 Och HelMûËnadôÊApris =0ôÊBelopp= (MûËnadslûÑnFakt+N2+N9)*OmfattningôÊAnnarsôÊOm N16>0 Och HelMûËnadôÊBelopp= ((MûËnadslûÑnFakt+N2+N9)*N16)*OmfattningôÊAnnarsôÊOm N16=0ôÊApris=((((MûËnadslûÑnFakt+N2+N9))/AntalKdgrAvvikelserTomMûËnad)*(LL01*1,4))*OmfattningôÊBelopp= Apris*AntalôÊAnnarsôÊOm N16 > 0ôÊApris= ((((MûËnadslûÑnFakt+N2+N9)*N16)/AntalKdgrAvvikelserTomMûËnad)*(LL01*1,4))*OmfattningôÊBelopp=Apris*AntalôÊSlut OmôÊSlut OmôÊSlut OmôÊSlut Om|Tabellskatt|7011||||0|true|
Flex LûÑn|1973|2022|098765-4321|921|613|(STD)|613|FûÑrûÊldraledig, tim|Apris =(MûËnadslûÑn+N1)/165|Tabellskatt|7011||||0|true|
Flex LûÑn|1973|2022|098765-4321|921|614|(STD)|614|Led vid barns fûÑdelse|Om N16=0 Och HelMûËnadôÊApris =0ôÊBelopp= (MûËnadslûÑnFakt+N2+N9)*OmfattningôÊAnnarsôÊOm N16>0 Och HelMûËnadôÊBelopp= ((MûËnadslûÑnFakt+N2+N9)*N16)*OmfattningôÊAnnarsôÊOm N16=0ôÊApris=((((MûËnadslûÑnFakt+N2+N9))/AntalKdgrAvvikelserTomMûËnad)*(LL01*1,4))*OmfattningôÊBelopp= Apris*AntalôÊAnnarsôÊOm N16 > 0ôÊApris= ((((MûËnadslûÑnFakt+N2+N9)*N16)/AntalKdgrAvvikelserTomMûËnad)*(LL01*1,4))*OmfattningôÊBelopp=Apris*AntalôÊSlut OmôÊSlut OmôÊSlut OmôÊSlut Om|Tabellskatt|7011||||0|true|
Flex LûÑn|1973|2022|098765-4321|921|615|(STD)|615|Fp-tillûÊgg 10% 180 dgr|Om N16=0ôÊApris = ((MûËnadslûÑnFakt + N2)/ AntalKdgrAvvikelserTomMûËnad*Omfattning)*0,1ôÊAnnarsôÊApris = ((MûËnadslûÑnFakt + N2)*N16/ AntalKdgrAvvikelserTomMûËnad*Omfattning)*0,1ôÊSlut Om|Tabellskatt|7011||||0|true|
Flex LûÑn|1973|2022|098765-4321|921|615|TIM|615|Fp-tillûÊgg 10% 180 dgr|Apris = ((MûËnadslûÑnFakt +N2)*N16/ AntalKdgrAvvikelserTomMûËnad*N14*Omfattning)*0,1|Tabellskatt|7012||||0|true|
Flex LûÑn|1973|2022|098765-4321|921|616|(STD)|616|F-ledig mlûÑn >83,3% 270d|B= ((MûËnadslûÑnFakt + N2)/AntalKdgrAvvikelserTomMûËnad)* 0.776ôÊC= (Prisbasbelopp*10)/365*0.776ôÊApris= (B-C)*OmfattningôÊAntal= AntalKdgrTransDatumôÊBelopp= Antal*Apris|Tabellskatt|7011||||0|true|
Flex LûÑn|1973|2022|098765-4321|921|617|(STD)|617|Studieledig <60% semlgr|Om HelMûËnadôÊApris = 0ôÊBelopp = (MûËnadslûÑnFakt+N2+N9)* OmfattningôÊAnnarsôÊApris = (MûËnadslûÑnFakt+N2+N9)*N16/AntalKdgrAvvikelserTomMûËnad*(LL01*1,4)*OmfattningôÊBelopp = Antal * AprisôÊSlut Om|Tabellskatt|7011||||0|true|true
Flex LûÑn|1973|2022|098765-4321|921|618|(STD)|618|Studieledig tim ej semgr|Apris =(MûËnadslûÑn+N1)/165|Tabellskatt|7011||||0|true|true
Flex LûÑn|1973|2022|098765-4321|921|619|(STD)|619|Studieledighet ej sem gr|Om N16=0 Och HelMûËnadôÊApris =0ôÊBelopp= (MûËnadslûÑnFakt+N2+N9)*OmfattningôÊAnnarsôÊOm N16>0 Och HelMûËnadôÊBelopp= ((MûËnadslûÑnFakt+N2+N9)*N16)*OmfattningôÊAnnarsôÊOm N16=0ôÊApris=((((MûËnadslûÑnFakt+N2+N9))/AntalKdgrAvvikelserTomMûËnad)*(LL01*1,4))*OmfattningôÊBelopp= Apris*AntalôÊAnnarsôÊOm N16 > 0ôÊApris= ((((MûËnadslûÑnFakt+N2+N9)*N16)/AntalKdgrAvvikelserTomMûËnad)*(LL01*1,4))*OmfattningôÊBelopp=Apris*AntalôÊSlut OmôÊSlut OmôÊSlut OmôÊSlut Om|Tabellskatt|7011||||0|true|true
Flex LûÑn|1973|2022|098765-4321|921|620|(STD)|620|Studled hel mûËn ej semgr|Om N16=0 Och HelMûËnadôÊApris =0ôÊBelopp= (MûËnadslûÑnFakt+N2+N9)*OmfattningôÊAnnarsôÊOm N16>0 Och HelMûËnadôÊBelopp= ((MûËnadslûÑnFakt+N2+N9)*N16)*OmfattningôÊAnnarsôÊOm N16=0ôÊApris=((((MûËnadslûÑnFakt+N2+N9))/AntalKdgrAvvikelserTomMûËnad)*(LL01*1,4))*OmfattningôÊBelopp= Apris*AntalôÊAnnarsôÊOm N16 > 0ôÊApris= ((((MûËnadslûÑnFakt+N2+N9)*N16)/AntalKdgrAvvikelserTomMûËnad)*(LL01*1,4))*OmfattningôÊBelopp=Apris*AntalôÊSlut OmôÊSlut OmôÊSlut OmôÊSlut Om|Tabellskatt|7011||||0|true|true
Flex LûÑn|1973|2022|098765-4321|921|621|(STD)|621|Facklig led med lûÑn, tim||Ej Skatt|7011||true||0||
Flex LûÑn|1973|2022|098765-4321|921|622|(STD)|622|Facklig led med lûÑn dgr||Ej Skatt|7011||true||0||
Flex LûÑn|1973|2022|098765-4321|921|623|(STD)|623|Facklig utb u lûÑn, tim|Apris =(MûËnadslûÑn+N1)/165|Tabellskatt|7011||||0|true|
Flex LûÑn|1973|2022|098765-4321|921|624|(STD)|624|Facklig utb u lûÑn, dgr|Om N16=0 Och HelMûËnadôÊApris =0ôÊBelopp= (MûËnadslûÑnFakt+N2+N9)*OmfattningôÊAnnarsôÊOm N16>0 Och HelMûËnadôÊBelopp= ((MûËnadslûÑnFakt+N2+N9)*N16)*OmfattningôÊAnnarsôÊOm N16=0ôÊApris=((((MûËnadslûÑnFakt+N2+N9))/AntalKdgrAvvikelserTomMûËnad)*(LL01*1,4))*OmfattningôÊBelopp= Apris*AntalôÊAnnarsôÊOm N16 > 0ôÊApris= ((((MûËnadslûÑnFakt+N2+N9)*N16)/AntalKdgrAvvikelserTomMûËnad)*(LL01*1,4))*OmfattningôÊBelopp=Apris*AntalôÊSlut OmôÊSlut OmôÊSlut OmôÊSlut Om|Tabellskatt|7011||||0|true|
Flex LûÑn|1973|2022|098765-4321|921|625|(STD)|625|Facklig led utan lûÑn tim|Apris =(MûËnadslûÑn+N1)/165|Tabellskatt|7011||||0|true|true
Flex LûÑn|1973|2022|098765-4321|921|626|(STD)|626|Facklig led utan lûÑn dgr|Om N16=0 Och HelMûËnadôÊApris =0ôÊBelopp= (MûËnadslûÑnFakt+N2+N9)*OmfattningôÊAnnarsôÊOm N16>0 Och HelMûËnadôÊBelopp= ((MûËnadslûÑnFakt+N2+N9)*N16)*OmfattningôÊAnnarsôÊOm N16=0ôÊApris=((((MûËnadslûÑnFakt+N2+N9))/AntalKdgrAvvikelserTomMûËnad)*(LL01*1,4))*OmfattningôÊBelopp= Apris*AntalôÊAnnarsôÊOm N16 > 0ôÊApris= ((((MûËnadslûÑnFakt+N2+N9)*N16)/AntalKdgrAvvikelserTomMûËnad)*(LL01*1,4))*OmfattningôÊBelopp=Apris*AntalôÊSlut OmôÊSlut OmôÊSlut OmôÊSlut Om|Tabellskatt|7011||||0|true|true
Flex LûÑn|1973|2022|098765-4321|921|627|(STD)|627|Facklig utb m lûÑn, tim||Ej Skatt|7011||true||0||
Flex LûÑn|1973|2022|098765-4321|921|628|(STD)|628|Facklig utb m lûÑn dgr||Ej Skatt|7011||true||0||
Flex LûÑn|1973|2022|098765-4321|921|630|(STD)|630|Ensk angelûÊgenhet -10dgr||Ej Skatt|7011||true||0||
Flex LûÑn|1973|2022|098765-4321|921|650|(STD)|650|Semesterjustering  < 40%||Ej Skatt|||true||0||
Flex LûÑn|1973|2022|098765-4321|921|659|(STD)|659|Tj led innev del av mûËn|Om N16=0ôÊAntal = AntalKdgrTransDatumôÊApris=(((MûËnadslûÑnFakt + N2+ N9))/AntalKdgrUtbetalningsmûËnad)*OmfattningôÊBelopp= Apris* AntalôÊAnnarsôÊOm N16 > 0ôÊAntal = AntalKdgrTransDatumôÊApris= (((MûËnadslûÑnFakt + N2+N9)*N16)/AntalKdgrUtbetalningsmûËnad)*OmfattningôÊBelopp=Apris*AntalôÊSlut OmôÊSlut Om|Tabellskatt|7011||||0|true|true
Flex LûÑn|1973|2022|098765-4321|921|660|(STD)|660|TjûÊnstledig innev mûËnad|Om N16=0 Och HelMûËnadôÊApris =0ôÊBelopp= (MûËnadslûÑnFakt + N2+ N9)*OmfattningôÊAnnarsôÊOm N16>0 Och HelMûËnadôÊBelopp= ((MûËnadslûÑnFakt + N2+ N9)*N16)*OmfattningôÊAnnarsôÊOm N16=0ôÊApris=((((MûËnadslûÑnFakt+N2+N9))/AntalKdgrUtbetalningsmûËnad)*(LL01*1,4))*OmfattningôÊBelopp= Apris* AntalôÊAnnarsôÊOm N16 > 0ôÊApris= ((((MûËnadslûÑnFakt+N2+N9)*N16)/AntalKdgrUtbetalningsmûËnad)*(LL01*1,4))*OmfattningôÊBelopp=Apris*AntalôÊSlut OmôÊSlut OmôÊSlut OmôÊSlut Om|Tabellskatt|7011||||0|true|true
Flex LûÑn|1973|2022|098765-4321|921|661|(STD)|661|FûÑrûÊldraled innev mûËnad|Om N16=0 Och HelMûËnadôÊApris =0ôÊBelopp= (MûËnadslûÑnFakt + N2+ N9)*OmfattningôÊAnnarsôÊOm N16>0 Och HelMûËnadôÊBelopp= ((MûËnadslûÑnFakt + N2+ N9)*N16)*OmfattningôÊAnnarsôÊOm N16=0ôÊApris=((((MûËnadslûÑnFakt+N2+N9))/AntalKdgrUtbetalningsmûËnad)*(LL01*1,4))*OmfattningôÊBelopp= Apris* AntalôÊAnnarsôÊOm N16 > 0ôÊApris= ((((MûËnadslûÑnFakt+N2+N9)*N16)/AntalKdgrUtbetalningsmûËnad)*(LL01*1,4))*OmfattningôÊBelopp=Apris*AntalôÊSlut OmôÊSlut OmôÊSlut OmôÊSlut Om|Tabellskatt|7011||||0|true|
Flex LûÑn|1973|2022|098765-4321|921|662|(STD)|662|Fp-tillûÊgg 10% innev mûËn|Om HelMûËnadôÊApris= 0ôÊOm N16= 0ôÊBelopp= (MûËnadslûÑnFakt + N2)*Omfattning*0.1ôÊAnnarsôÊBelopp= ((MûËnadslûÑnFakt* N16) + N2)*Omfattning*0.1ôÊSlut OmôÊAnnarsôÊOm N16=0ôÊApris=((MûËnadslûÑnFakt + N2)/ AntalKdgrUtbetalningsmûËnad* Omfattning)*0.1ôÊBelopp=Antal*AprisôÊAnnarsôÊApris=(((MûËnadslûÑnFakt* N16) + N2)/ AntalKdgrUtbetalningsmûËnad* Omfattning)*0.1ôÊBelopp= Antal*AprisôÊSlut OmôÊSlut Om|Tabellskatt|7011||||0|true|
Flex LûÑn|1973|2022|098765-4321|921|663|(STD)|663|F-led >83,3% innev mûËn|B= ((MûËnadslûÑnFakt + N2)/AntalKdgrUtbetalningsmûËnad)* 0.776ôÊC= (Prisbasbelopp*10)/365*0.776ôÊApris= (B-C)*OmfattningôÊAntal= AntalKdgrTransDatumôÊBelopp= Antal*Apris|Tabellskatt|7011||||0|true|
Flex LûÑn|1973|2022|098765-4321|921|664|(STD)|664|Graviditetsp innev mûËnad|Om N16=0 Och HelMûËnadôÊApris =0ôÊBelopp= (MûËnadslûÑnFakt + N2+ N9)*OmfattningôÊAnnarsôÊOm N16>0 Och HelMûËnadôÊBelopp= ((MûËnadslûÑnFakt + N2+ N9)*N16)*OmfattningôÊAnnarsôÊOm N16=0ôÊApris=((((MûËnadslûÑnFakt+N2+N9))/AntalKdgrUtbetalningsmûËnad)*(LL01*1,4))*OmfattningôÊBelopp= Apris* AntalôÊAnnarsôÊOm N16 > 0ôÊApris= ((((MûËnadslûÑnFakt+N2+N9)*N16)/AntalKdgrUtbetalningsmûËnad)*(LL01*1,4))*OmfattningôÊBelopp=Apris*AntalôÊSlut OmôÊSlut OmôÊSlut OmôÊSlut Om|Tabellskatt|7011||||0|true|
Flex LûÑn|1973|2022|098765-4321|921|665|(STD)|665|Justering FP/GP innev m|Belopp= (((LartB(661)+LartB(664))*-1) - (MûËnadslûÑnFakt+N2+N9))|Tabellskatt|7011||||0|true|
Flex LûÑn|1973|2022|098765-4321|921|669|(STD)|669|Fasta belopp retroaktivt||EngûËngsskatt|7011||||0|true|true
Flex LûÑn|1973|2022|098765-4321|921|669|TIM|669|Fasta belopp retroaktivt||EngûËngsskatt|7012||||0|true|true
Flex LûÑn|1973|2022|098765-4321|921|694|(STD)|694|Kompl pensionspremie||Ej Skatt|7490|2930|true||0||
Flex LûÑn|1973|2022|098765-4321|921|695|(STD)|695|Avdrag kompl pensionspr|Belopp=(Saldo211Per)*-1|Ej Skatt|7490|2930|true||0||
Flex LûÑn|1973|2022|098765-4321|921|696|(STD)|696|Pension, lûÑnevûÊxling|Belopp= N5|Tabellskatt|7011||||0|true|
Flex LûÑn|1973|2022|098765-4321|921|697|(STD)|697|TjûÊnstledigt retroaktiv||EngûËngsskatt|7011||||0|true|true
Flex LûÑn|1973|2022|098765-4321|921|698|(STD)|698|NûÊrstûËendevûËrd retro||EngûËngsskatt|7011||||0|true|true
Flex LûÑn|1973|2022|098765-4321|921|699|(STD)|699|Graviditetspenning retro||EngûËngsskatt|7011||||0|true|
Flex LûÑn|1973|2022|098765-4321|921|700|(STD)|700|Tillf fûÑrûÊldrap retro||EngûËngsskatt|7011||||0|true|
Flex LûÑn|1973|2022|098765-4321|921|701|(STD)|701|FûÑrûÊldraledighet retro||EngûËngsskatt|7011||||0|true|
Flex LûÑn|1973|2022|098765-4321|921|702|(STD)|702|Led vid barns fûÑd retro||EngûËngsskatt|7011||||0|true|
Flex LûÑn|1973|2022|098765-4321|921|703|(STD)|703|Fp-tillûÊgg 10 % retro||EngûËngsskatt|7011||||0|true|
Flex LûÑn|1973|2022|098765-4321|921|704|(STD)|704|F-ledig mlûÑn>83,3% retro||EngûËngsskatt|7011||||0|true|
Flex LûÑn|1973|2022|098765-4321|921|705|(STD)|705|OmvûËrdnadsledighet retro||EngûËngsskatt|7011||||0|true|
Flex LûÑn|1973|2022|098765-4321|921|710|(STD)|710|UtlûÊgg inrikes||Ej Skatt|||||0||
Flex LûÑn|1973|2022|098765-4321|921|711|(STD)|711|UtlûÊgg utrikes||Ej Skatt|||||0||
Flex LûÑn|1973|2022|098765-4321|921|712|(STD)|712|UtlûÊgg friskvûËrd||Ej Skatt|7693||||0||
Flex LûÑn|1973|2022|098765-4321|921|715|(STD)|715|Representation avdragsgi||Ej Skatt|||||0||
Flex LûÑn|1973|2022|098765-4321|921|716|(STD)|716|Representation ej avdr||Ej Skatt|||||0||
Flex LûÑn|1973|2022|098765-4321|921|717|(STD)|717|UtlûÊgg moms||Ej Skatt|2640||true||0||
Flex LûÑn|1973|2022|098765-4321|921|720|(STD)|720|FriskvûËrd via ekonomi||Ej Skatt|7693||||0||
Flex LûÑn|1973|2022|098765-4321|921|721|(STD)|721|FriskvûËrd ekonomi avdrag|Belopp = LartB(720) *-1|Ej Skatt|7693||||0||
Flex LûÑn|1973|2022|098765-4321|921|731|(STD)|731|BilersûÊttning skfr|Apris= 1.85|Ej Skatt|7331||||0||
Flex LûÑn|1973|2022|098765-4321|921|732|(STD)|732|BilersûÊttning skpl|Apris= 1.55|Tabellskatt|7332||||0||
Flex LûÑn|1973|2022|098765-4321|921|733|(STD)|733|Mil ers motorcykel, skfr|Apris= 0.9|Ej Skatt|7331||||0||
Flex LûÑn|1973|2022|098765-4321|921|736|(STD)|736|Tj bil tj kilometer bens|Apris= 0.95|Ej Skatt|5611||true||0||
Flex LûÑn|1973|2022|098765-4321|921|737|(STD)|737|Tj bil tj kilometer dise|Apris= 0.65|Ej Skatt|5611||true||0||
Flex LûÑn|1973|2022|098765-4321|921|739|(STD)|739|Milers ûÑvrigt, skfr|Apris=1.85|Ej Skatt|7331||||0||
Flex LûÑn|1973|2022|098765-4321|921|740|(STD)|740|Milers ûÑvrigt, skpl||Tabellskatt|7332||||0||
Flex LûÑn|1973|2022|098765-4321|921|741|(STD)|741|Bilers bostad - arbete|Apris=3.40|Tabellskatt|7332||||0||
Flex LûÑn|1973|2022|098765-4321|921|742|(STD)|742|InstûÊllelseresa skpl||Tabellskatt|||||0||
Flex LûÑn|1973|2022|098765-4321|921|745|(STD)|745|ûkningsanslag||Tabellskatt|7332||||0||
Flex LûÑn|1973|2022|098765-4321|921|760|(STD)|760|Trakt inrikes skfri|Apris=240|Ej Skatt|7321||||0||
Flex LûÑn|1973|2022|098765-4321|921|761|(STD)|761|ResetillûÊgg heldag||Tabellskatt|7322||||0||
Flex LûÑn|1973|2022|098765-4321|921|762|(STD)|762|ResetillûÊgg halvdag||Tabellskatt|7322||||0||
Flex LûÑn|1973|2022|098765-4321|921|765|(STD)|765|Nattraktamente skfr|Apris=120|Ej Skatt|7321||||0||
Flex LûÑn|1973|2022|098765-4321|921|770|(STD)|770|Traktamente utland skfri||Ej Skatt|7324||||0||
Flex LûÑn|1973|2022|098765-4321|921|780|(STD)|780|MûËltidsavdrag inr sk fri||Ej Skatt|7321||||0||
Flex LûÑn|1973|2022|098765-4321|921|787|(STD)|787|MûËltidsavdrag utr sk fri||Ej Skatt|7324||||0||
Flex LûÑn|1973|2022|098765-4321|921|790|(STD)|790|KostnadsersûÊttning||Ej Skatt|7390||true||0||
Flex LûÑn|1973|2022|098765-4321|921|790|TIM|790|KostnadsersûÊttning||Ej Skatt|7390||true||0||
Flex LûÑn|1973|2022|098765-4321|921|830|(STD)|830|BilfûÑrmûËn|Antal= 1ôÊBelopp= N8|Tabellskatt|7380|7380|||0||
Flex LûÑn|1973|2022|098765-4321|921|835|(STD)|835|DrivmedelsfûÑrmûËn||Tabellskatt|7380|7380|||0||
Flex LûÑn|1973|2022|098765-4321|921|836|(STD)|836|DrivmedelsfûÑrmûËn 20%|Belopp = LartB(835) * 0,2|Tabellskatt|7380|7380|true||0||
Flex LûÑn|1973|2022|098765-4321|921|860|(STD)|860|Avdrag ersûÊttningar||Ej Skatt|||true||0||
Flex LûÑn|1973|2022|098765-4321|921|890|(STD)|890|FûÑrmûËn Rikskortet||Tabellskatt|7380|7380|||0||
Flex LûÑn|1973|2022|098765-4321|921|891|(STD)|891|KostfûÑrmûËn ûÑvrig||Tabellskatt|7380|7380|||0||
Flex LûÑn|1973|2022|098765-4321|921|893|(STD)|893|KostfûÑrmûËn frukost||Tabellskatt|7380|7380|||0||
Flex LûÑn|1973|2022|098765-4321|921|894|(STD)|894|KostfûÑrmûËn||Tabellskatt|7380|7380|||0||
Flex LûÑn|1973|2022|098765-4321|921|895|(STD)|895|ûvrig fûÑrmûËn||Tabellskatt|7390|7390|||0||
Flex LûÑn|1973|2022|098765-4321|921|896|(STD)|896|ParkeringsfûÑrmûËn||Tabellskatt|7390|7390|||0||
Flex LûÑn|1973|2022|098765-4321|921|898|(STD)|898|BostadsfûÑrmûËn, ej pensgr||Tabellskatt|7380|7380|||0||
Flex LûÑn|1973|2022|098765-4321|921|912|(STD)|912|Skatt||Ej Skatt|2710||||0||
Flex LûÑn|1973|2022|098765-4321|921|913|(STD)|913|EngûËngsskatt||Ej Skatt|2710||||0||
Flex LûÑn|1973|2022|098765-4321|921|914|(STD)|914|Frivillig skatt|Om NettolûÑn - N7 >0ôÊBelopp= N7*-1ôÊAnnarsôÊBelopp= 0ôÊSlut Om|Ej Skatt|2710||||0||
Flex LûÑn|1973|2022|098765-4321|921|915|(STD)|915|Skattjustering||Ej Skatt|2710||||0||
Flex LûÑn|1973|2022|098765-4321|921|916|(STD)|916|Skattejust automatisk||Ej Skatt|2710||||0||
Flex LûÑn|1973|2022|098765-4321|921|917|(STD)|917|Skatt A-Sink|Belopp = (LartB(85,86,87)*0,15)*-1|Ej Skatt|2710||true||0||
Flex LûÑn|1973|2022|098765-4321|921|921|(STD)|921|LûÑnefûÑrskott, netto||Ej Skatt|1610||true||0||
Flex LûÑn|1973|2022|098765-4321|921|924|(STD)|924|NettolûÑneavdrag||Ej Skatt|3690||true||0||
Flex LûÑn|1973|2022|098765-4321|921|925|(STD)|925|Rikskortet||Ej Skatt|1610||||0||
Flex LûÑn|1973|2022|098765-4321|921|926|(STD)|926|TPA18 >7,5 Ibb|Belopp= (Saldo200Per-((7,5*Inkomstbasbelopp)/12))|Tabellskatt|7011||||0||
Flex LûÑn|1973|2022|098765-4321|921|927|(STD)|927|Avdrag TPA18 >7,5 Ibb|Belopp= (Saldo200Per-((7,5*Inkomstbasbelopp)/12))*-1|Tabellskatt|7011||||0||
Flex LûÑn|1973|2022|098765-4321|921|930|(STD)|930|UtmûÊtning|A=BruttolûÑn+LartB(912,913)ôÊOm (N3-A) < 0ôÊOm ((A - N4) < N3)ôÊBelopp = (N3 - A) * -1ôÊAnnarsôÊBelopp = N4ôÊSlut OmôÊAnnarsôÊBelopp=0ôÊSlut Om|Ej Skatt|2750||true||0||
Flex LûÑn|1973|2022|098765-4321|921|935|(STD)|935|ANVûNDS EJ||Ej Skatt|1610||true||0||
Flex LûÑn|1973|2022|098765-4321|921|945|(STD)|945|ûterbetalning lûÑn brutto||Tabellskatt|7011||||0||
Flex LûÑn|1973|2022|098765-4321|921|946|(STD)|946|ûterbetalning lûÑn||Ej Skatt|1610||true||0||
Flex LûÑn|1973|2022|098765-4321|921|950|(STD)|950|Semesterskuld||Ej Skatt|7090|2920|true||0||
Flex LûÑn|1973|2022|098765-4321|921|951|(STD)|951|Soc avg semlûÑneskuld||Ej Skatt|7519|2940|true||0||
Flex LûÑn|1973|2022|098765-4321|921|960|(STD)|960|Kompskuld|Apris= (MûËnadslûÑn+N1)*0.0073|Ej Skatt|7090|2910|true||0||
Flex LûÑn|1973|2022|098765-4321|921|961|(STD)|961|Soc avg kompskuld||Ej Skatt|7519|2940|true||0||
Flex LûÑn|1973|2022|098765-4321|921|994|(STD)|994|Bruttoskuld fr fûÑreg lûÑn||Tabellskatt|1610||||0||
Flex LûÑn|1973|2022|098765-4321|921|995|(STD)|995|Bruttoskuld till n lûÑn||Tabellskatt|1610||||0||
Flex LûÑn|1973|2022|098765-4321|921|996|(STD)|996|Nettoskuld fr fûÑreg lûÑn||Ej Skatt|||true||0||
Flex LûÑn|1973|2022|098765-4321|921|997|(STD)|997|Nettoskuld till n lûÑn||Ej Skatt|||true||0||
Flex LûÑn|1973|2022|098765-4321|921|998|(STD)|998|ûresutjûÊmning||Ej Skatt|3740||||0||
Flex LûÑn|1973|2022|098765-4321|921|999|(STD)|999|Sociala avgifter||Ej Skatt|7510|2730|||0||
